,label_value,score,Sex,Race
0,1,1.0,Male,White
1,1,1.0,Male,White
2,0,0.0,Female,White
3,0,0.0,Male,White
4,0,0.0,Male,White
5,0,0.0,Male,White
6,0,0.0,Female,White
7,0,0.0,Male,White
8,0,0.0,Male,White
9,0,0.0,Female,White
10,0,0.0,Male,White
11,1,1.0,Female,White
12,0,0.0,Male,White
13,0,0.0,Male,White
14,1,1.0,Male,White
15,1,1.0,Female,White
16,1,1.0,Female,Black
17,0,0.0,Male,White
18,1,1.0,Female,White
19,1,1.0,Male,White
20,1,1.0,Female,White
21,1,1.0,Male,White
22,1,0.0,Male,White
23,1,1.0,Female,White
24,1,1.0,Female,Black
25,1,1.0,Male,White
26,1,1.0,Female,White
27,0,0.0,Male,White
28,1,1.0,Male,White
29,1,1.0,Female,White
30,0,0.0,Male,White
31,1,0.0,Female,White
32,1,1.0,Female,White
33,1,1.0,Female,White
34,1,1.0,Female,White
35,1,1.0,Female,White
36,0,0.0,Male,White
37,0,0.0,Male,White
38,1,1.0,Female,White
39,0,0.0,Female,White
40,1,1.0,Male,Black
41,1,1.0,Female,White
42,0,0.0,Female,White
43,0,0.0,Male,White
44,0,0.0,Male,White
45,0,0.0,Male,Black
46,0,0.0,Male,White
47,0,0.0,Female,White
48,0,0.0,Female,White
49,1,1.0,Female,White
50,1,1.0,Male,White
51,0,0.0,Female,Black
52,1,1.0,Female,White
53,0,0.0,Male,Black
54,0,0.0,Male,White
55,0,0.0,Male,White
56,1,1.0,Male,White
57,0,0.0,Female,White
58,1,1.0,Female,Black
59,0,0.0,Male,White
60,1,1.0,Female,White
61,1,1.0,Female,White
62,0,0.0,Male,White
63,1,1.0,Male,White
64,1,0.0,Male,White
65,0,0.0,Female,White
66,0,0.0,Female,White
67,1,1.0,Female,White
68,1,1.0,Female,White
69,1,1.0,Female,White
70,1,1.0,Male,White
71,0,0.0,Male,White
72,1,1.0,Female,White
73,0,0.0,Male,White
74,1,1.0,Female,White
75,1,1.0,Female,White
76,1,1.0,Male,White
77,0,0.0,Female,White
78,0,0.0,Male,White
79,0,0.0,Female,White
80,0,0.0,Male,White
81,1,1.0,Female,White
82,0,0.0,Male,White
83,0,0.0,Male,White
84,0,0.0,Female,White
85,0,0.0,Male,White
86,1,0.0,Female,White
87,0,0.0,Male,White
88,1,1.0,Male,White
89,0,0.0,Female,White
90,0,0.0,Male,White
91,1,1.0,Female,White
92,0,0.0,Male,White
93,1,1.0,Male,White
94,1,1.0,Male,White
95,0,0.0,Male,White
96,1,1.0,Female,White
97,1,1.0,Male,White
98,0,0.0,Male,White
99,1,1.0,Female,White
100,0,0.0,Male,White
101,0,0.0,Female,White
102,1,1.0,Female,White
103,1,1.0,Male,White
104,0,0.0,Female,Black
105,0,0.0,Female,White
106,0,0.0,Female,Black
107,1,0.0,Male,Black
108,0,0.0,Male,White
109,0,0.0,Male,White
110,0,0.0,Male,White
111,1,1.0,Male,White
112,0,0.0,Male,White
113,0,0.0,Female,White
114,1,1.0,Male,White
115,1,0.0,Female,Black
116,0,0.0,Male,White
117,1,0.0,Male,White
118,1,1.0,Male,White
119,0,0.0,Female,Black
120,0,0.0,Male,Black
121,1,0.0,Male,White
122,0,1.0,Male,White
123,0,0.0,Female,White
124,0,0.0,Male,White
125,0,0.0,Female,Black
126,1,0.0,Male,White
127,0,0.0,Female,White
128,1,1.0,Male,White
129,0,0.0,Female,White
130,1,1.0,Male,White
131,0,0.0,Male,Black
132,1,1.0,Male,White
133,1,0.0,Male,White
134,0,1.0,Male,White
135,1,1.0,Female,White
136,1,1.0,Male,White
137,1,1.0,Male,White
138,1,1.0,Female,White
139,0,0.0,Female,White
140,1,1.0,Female,White
141,0,0.0,Female,White
142,0,0.0,Female,White
143,1,1.0,Female,White
144,0,0.0,Male,White
145,1,1.0,Male,White
146,0,0.0,Female,White
147,1,1.0,Female,White
148,0,0.0,Female,White
149,0,0.0,Female,Black
150,1,0.0,Male,Black
151,0,0.0,Male,White
152,0,0.0,Male,Black
153,1,1.0,Female,White
154,1,1.0,Female,White
155,1,0.0,Female,White
156,1,1.0,Female,White
157,1,1.0,Female,White
158,1,1.0,Female,White
159,1,1.0,Female,White
160,0,0.0,Female,White
161,0,0.0,Female,White
162,1,1.0,Male,White
163,0,0.0,Male,White
164,0,0.0,Male,White
165,1,1.0,Female,White
166,0,0.0,Male,White
167,1,1.0,Male,White
168,1,1.0,Female,White
169,0,0.0,Female,White
170,1,1.0,Female,White
171,0,0.0,Female,White
172,1,1.0,Female,White
173,1,1.0,Female,White
174,0,0.0,Male,White
175,0,0.0,Male,White
176,1,1.0,Female,White
177,0,0.0,Male,White
178,0,0.0,Female,Black
179,0,0.0,Male,White
180,0,0.0,Female,White
181,0,0.0,Male,White
182,1,1.0,Male,White
183,1,1.0,Female,White
184,0,0.0,Male,White
185,1,1.0,Female,White
186,0,0.0,Male,White
187,0,0.0,Male,White
188,1,0.0,Male,White
189,1,1.0,Female,White
190,0,0.0,Male,White
191,1,1.0,Female,White
192,0,0.0,Male,White
193,1,1.0,Female,White
194,0,0.0,Male,White
195,0,0.0,Female,White
196,0,0.0,Male,White
197,1,1.0,Female,White
198,0,0.0,Female,White
199,0,1.0,Male,White
200,0,0.0,Male,White
201,0,0.0,Female,Black
202,1,1.0,Male,White
203,1,0.0,Male,Black
204,0,0.0,Female,White
205,0,0.0,Female,White
206,1,1.0,Male,White
207,1,1.0,Female,White
208,0,0.0,Male,White
209,1,1.0,Female,White
210,0,0.0,Male,White
211,0,0.0,Male,White
212,0,0.0,Male,White
213,0,1.0,Female,White
214,0,0.0,Female,White
215,0,0.0,Female,White
216,0,0.0,Male,White
217,1,1.0,Male,White
218,0,0.0,Male,White
219,1,1.0,Female,White
220,1,1.0,Female,White
221,0,1.0,Male,Black
222,0,0.0,Male,White
223,0,0.0,Male,White
224,1,1.0,Male,White
225,1,1.0,Male,White
226,0,0.0,Female,White
227,0,0.0,Female,White
228,1,1.0,Female,White
229,0,0.0,Female,White
230,0,0.0,Female,White
231,0,0.0,Male,White
232,1,1.0,Female,White
233,1,0.0,Male,White
234,0,0.0,Female,White
235,0,0.0,Male,White
236,0,0.0,Female,Black
237,1,1.0,Female,White
238,1,1.0,Female,Black
239,1,0.0,Male,White
240,1,1.0,Female,White
241,0,0.0,Male,White
242,0,0.0,Male,White
243,0,0.0,Male,White
244,1,1.0,Male,White
245,0,0.0,Female,Black
246,0,0.0,Male,White
247,1,1.0,Male,White
248,1,1.0,Female,White
249,1,1.0,Female,White
250,0,0.0,Male,White
251,0,0.0,Female,Black
252,0,0.0,Female,White
253,1,1.0,Female,White
254,1,1.0,Male,White
255,1,1.0,Female,White
256,0,0.0,Female,White
257,0,0.0,Female,White
258,1,1.0,Male,White
259,1,1.0,Female,White
260,0,0.0,Male,White
261,1,1.0,Male,White
262,1,1.0,Female,White
263,0,0.0,Female,White
264,1,1.0,Female,White
265,1,0.0,Male,Black
266,0,0.0,Female,White
267,1,1.0,Male,White
268,1,1.0,Male,White
269,1,1.0,Male,White
270,1,0.0,Male,Black
271,1,1.0,Male,White
272,0,0.0,Male,White
273,1,1.0,Male,White
274,0,0.0,Female,White
275,0,0.0,Female,White
276,0,0.0,Male,White
277,1,1.0,Female,White
278,1,1.0,Female,White
279,0,0.0,Female,White
280,1,1.0,Female,Black
281,1,1.0,Male,White
282,0,0.0,Male,Black
283,0,0.0,Male,White
284,0,0.0,Female,Black
285,0,0.0,Male,White
286,0,0.0,Female,White
287,0,0.0,Male,White
288,0,0.0,Male,Black
289,1,1.0,Female,White
290,1,1.0,Male,White
291,1,1.0,Female,White
292,1,1.0,Female,White
293,0,0.0,Female,White
294,0,0.0,Female,White
295,1,1.0,Male,White
296,1,1.0,Male,White
297,0,0.0,Male,Black
298,0,0.0,Female,White
299,0,0.0,Male,White
300,1,1.0,Female,White
301,1,1.0,Female,White
302,0,0.0,Male,White
303,1,1.0,Male,White
304,0,0.0,Female,White
305,1,1.0,Male,White
306,0,0.0,Male,Black
307,0,0.0,Male,White
308,1,1.0,Male,White
309,0,0.0,Female,White
310,0,0.0,Female,White
311,0,0.0,Male,White
312,0,0.0,Male,White
313,1,1.0,Female,White
314,1,1.0,Female,White
315,0,0.0,Male,White
316,0,0.0,Male,White
317,0,0.0,Male,White
318,0,0.0,Male,Black
319,1,1.0,Female,White
320,0,0.0,Male,White
321,0,1.0,Female,Black
322,1,1.0,Female,White
323,0,0.0,Male,White
324,1,1.0,Male,White
325,0,0.0,Male,White
326,1,1.0,Male,White
327,0,0.0,Male,White
328,0,0.0,Female,White
329,0,1.0,Female,White
330,1,1.0,Female,White
331,0,0.0,Male,White
332,1,0.0,Male,Black
333,0,0.0,Male,Black
334,1,0.0,Female,White
335,0,0.0,Female,Black
336,1,1.0,Female,White
337,1,1.0,Female,Black
338,0,0.0,Female,White
339,0,0.0,Male,White
340,1,1.0,Female,White
341,1,1.0,Female,White
342,0,0.0,Male,Black
343,0,0.0,Female,White
344,1,1.0,Female,White
345,0,0.0,Female,Black
346,1,1.0,Male,White
347,1,0.0,Male,White
348,0,0.0,Male,White
349,1,1.0,Female,White
350,0,0.0,Female,Black
351,0,0.0,Male,White
352,0,0.0,Male,White
353,0,0.0,Female,White
354,1,1.0,Male,White
355,1,1.0,Female,White
356,0,0.0,Female,White
357,1,1.0,Female,White
358,0,0.0,Female,Black
359,0,0.0,Male,White
360,1,1.0,Male,White
361,1,1.0,Male,White
362,0,0.0,Male,White
363,1,1.0,Female,White
364,1,0.0,Female,White
365,0,0.0,Male,White
366,1,1.0,Male,White
367,0,0.0,Female,White
368,0,0.0,Male,White
369,0,0.0,Male,White
370,1,1.0,Female,White
371,1,1.0,Female,Black
372,0,0.0,Female,White
373,1,0.0,Female,Black
374,0,0.0,Male,White
375,1,1.0,Female,White
376,1,1.0,Male,Black
377,1,1.0,Female,White
378,1,1.0,Female,White
379,1,1.0,Male,White
380,0,0.0,Male,White
381,1,1.0,Male,White
382,0,0.0,Male,Black
383,1,1.0,Male,Black
384,0,0.0,Female,Black
385,0,0.0,Male,White
386,1,1.0,Male,White
387,0,0.0,Female,White
388,0,0.0,Female,White
389,1,1.0,Female,White
390,1,0.0,Female,White
391,0,0.0,Female,Black
392,0,0.0,Female,White
393,1,1.0,Female,White
394,0,0.0,Female,White
395,0,0.0,Female,Black
396,0,0.0,Male,White
397,1,1.0,Female,White
398,1,1.0,Female,White
399,0,0.0,Female,White
400,0,0.0,Male,White
401,1,1.0,Female,White
402,0,0.0,Female,White
403,1,1.0,Male,White
404,0,0.0,Male,White
405,1,1.0,Female,Black
406,0,0.0,Male,White
407,1,1.0,Female,White
408,1,1.0,Female,White
409,0,0.0,Female,White
410,0,0.0,Male,White
411,0,0.0,Female,Black
412,0,0.0,Female,White
413,1,1.0,Male,White
414,1,1.0,Female,White
415,0,0.0,Male,Black
416,0,1.0,Male,White
417,1,1.0,Female,White
418,1,1.0,Male,White
419,1,1.0,Female,White
420,0,0.0,Male,White
421,0,0.0,Male,White
422,0,0.0,Male,White
423,0,0.0,Female,White
424,1,0.0,Male,White
425,0,0.0,Female,Black
426,0,0.0,Female,White
427,0,0.0,Female,White
428,1,1.0,Male,White
429,0,0.0,Male,White
430,0,0.0,Female,White
431,0,0.0,Male,White
432,0,0.0,Female,White
433,1,1.0,Female,White
434,1,1.0,Female,White
435,0,0.0,Female,Black
436,0,0.0,Male,White
437,1,1.0,Male,White
438,1,1.0,Female,White
439,1,1.0,Male,White
440,1,1.0,Female,White
441,1,1.0,Male,White
442,1,1.0,Female,White
443,0,0.0,Male,White
444,0,0.0,Male,White
445,1,1.0,Female,White
446,1,0.0,Male,Black
447,0,0.0,Female,White
448,0,0.0,Female,White
449,1,1.0,Male,Black
450,1,1.0,Female,White
451,0,0.0,Female,White
452,1,1.0,Female,White
453,1,1.0,Male,White
454,0,0.0,Male,Black
455,0,0.0,Female,White
456,1,1.0,Male,White
457,0,0.0,Female,White
458,1,0.0,Male,White
459,0,0.0,Male,White
460,0,0.0,Male,White
461,1,1.0,Female,White
462,0,0.0,Female,White
463,1,1.0,Male,White
464,1,1.0,Male,White
465,0,0.0,Male,White
466,0,0.0,Male,White
467,1,1.0,Female,White
468,1,1.0,Female,White
469,1,1.0,Female,White
470,0,0.0,Female,White
471,1,1.0,Male,White
472,1,1.0,Female,White
473,1,1.0,Female,White
474,1,0.0,Male,White
475,1,1.0,Male,White
476,0,1.0,Female,White
477,1,1.0,Female,White
478,1,1.0,Female,White
479,0,0.0,Female,White
480,1,1.0,Female,Black
481,1,1.0,Female,White
482,0,0.0,Male,White
483,0,0.0,Male,White
484,0,0.0,Female,White
485,1,1.0,Female,White
486,0,1.0,Female,White
487,1,1.0,Male,White
488,0,0.0,Male,Black
489,0,0.0,Female,White
490,0,0.0,Male,White
491,1,1.0,Male,White
492,1,0.0,Male,White
493,1,1.0,Male,White
494,1,0.0,Male,White
495,1,1.0,Female,White
496,0,0.0,Female,White
497,1,1.0,Female,White
498,0,0.0,Female,White
499,0,0.0,Male,White
500,1,1.0,Female,White
501,0,0.0,Male,White
502,0,1.0,Male,White
503,1,1.0,Female,White
504,0,0.0,Female,White
505,1,0.0,Male,White
506,1,1.0,Female,White
507,0,0.0,Female,White
508,1,0.0,Male,White
509,1,0.0,Male,White
510,1,1.0,Female,Black
511,0,0.0,Female,White
512,1,1.0,Female,White
513,0,0.0,Male,White
514,0,0.0,Male,White
515,1,1.0,Female,White
516,0,1.0,Male,White
517,0,0.0,Female,White
518,0,0.0,Female,White
519,0,0.0,Female,Black
520,1,1.0,Male,White
521,0,0.0,Female,White
522,1,0.0,Male,White
523,1,1.0,Male,White
524,0,0.0,Female,White
525,0,0.0,Male,White
526,0,1.0,Male,White
527,0,0.0,Male,White
528,1,1.0,Male,White
529,1,1.0,Female,White
530,0,0.0,Female,White
531,0,0.0,Female,Black
532,0,0.0,Male,Black
533,0,0.0,Male,Black
534,0,0.0,Male,White
535,0,0.0,Male,Black
536,1,1.0,Female,White
537,0,0.0,Male,White
538,0,0.0,Female,White
539,1,0.0,Male,White
540,0,0.0,Male,White
541,0,0.0,Female,White
542,1,1.0,Male,White
543,0,0.0,Male,White
544,1,1.0,Male,White
545,0,0.0,Female,White
546,1,1.0,Female,White
547,1,1.0,Female,White
548,1,1.0,Male,Black
549,1,1.0,Male,Black
550,1,1.0,Male,White
551,1,1.0,Female,White
552,0,0.0,Male,Black
553,1,1.0,Male,White
554,1,1.0,Female,White
555,0,0.0,Female,White
556,0,0.0,Male,White
557,0,0.0,Female,White
558,1,0.0,Male,White
559,0,0.0,Male,White
560,0,0.0,Male,White
561,0,0.0,Male,White
562,0,0.0,Female,White
563,1,1.0,Female,White
564,0,0.0,Female,White
565,1,1.0,Male,White
566,1,1.0,Male,White
567,0,0.0,Female,White
568,0,0.0,Male,White
569,0,0.0,Male,White
570,1,1.0,Female,White
571,0,0.0,Female,White
572,0,0.0,Female,White
573,0,0.0,Male,White
574,0,1.0,Male,White
575,0,0.0,Male,White
576,1,1.0,Female,White
577,1,1.0,Male,White
578,1,1.0,Female,White
579,0,0.0,Male,White
580,0,0.0,Male,White
581,1,1.0,Female,White
582,1,1.0,Female,White
583,1,1.0,Female,White
584,1,1.0,Female,White
585,0,0.0,Male,White
586,1,1.0,Female,White
587,0,0.0,Male,White
588,1,1.0,Male,Black
589,1,1.0,Male,White
590,1,1.0,Male,White
591,1,1.0,Male,White
592,1,0.0,Male,White
593,1,1.0,Male,White
594,0,0.0,Male,White
595,1,1.0,Male,White
596,1,1.0,Female,White
597,0,0.0,Female,White
598,0,0.0,Male,White
599,1,1.0,Female,White
600,1,1.0,Male,White
601,0,0.0,Female,Black
602,1,0.0,Female,White
603,0,1.0,Female,White
604,0,0.0,Male,White
605,0,0.0,Male,White
606,1,0.0,Male,Black
607,0,1.0,Female,White
608,1,0.0,Male,White
609,1,1.0,Male,White
610,1,1.0,Male,White
611,0,0.0,Female,White
612,1,1.0,Male,White
613,0,0.0,Female,Black
614,1,1.0,Male,White
615,0,0.0,Female,Black
616,1,0.0,Male,White
617,0,0.0,Female,White
618,1,1.0,Female,Black
619,0,0.0,Female,White
620,0,0.0,Female,Black
621,1,1.0,Male,White
622,0,0.0,Female,White
623,1,1.0,Female,White
624,1,1.0,Male,White
625,0,0.0,Female,White
626,0,0.0,Female,Black
627,0,0.0,Male,White
628,0,0.0,Male,White
629,1,1.0,Male,White
630,0,0.0,Female,White
631,1,0.0,Female,White
632,0,0.0,Female,White
633,1,1.0,Female,White
634,0,0.0,Male,Black
635,1,1.0,Male,White
636,0,0.0,Male,White
637,1,1.0,Male,White
638,1,1.0,Male,White
639,1,1.0,Female,White
640,0,0.0,Female,White
641,0,0.0,Male,White
642,1,1.0,Female,White
643,0,0.0,Male,White
644,1,1.0,Male,White
645,0,0.0,Male,White
646,1,1.0,Female,White
647,0,0.0,Male,Black
648,1,1.0,Female,White
649,0,0.0,Male,White
650,0,0.0,Male,White
651,0,0.0,Female,White
652,0,0.0,Male,White
653,0,0.0,Male,White
654,1,1.0,Female,White
655,0,0.0,Male,White
656,1,1.0,Male,White
657,0,0.0,Male,White
658,0,1.0,Female,White
659,1,1.0,Female,White
660,0,0.0,Male,White
661,0,0.0,Male,Black
662,1,1.0,Male,White
663,1,0.0,Female,Black
664,0,0.0,Female,White
665,1,1.0,Female,White
666,0,0.0,Male,White
667,1,1.0,Female,White
668,0,0.0,Female,Black
669,0,0.0,Female,White
670,0,0.0,Male,White
671,0,0.0,Female,White
672,1,1.0,Female,White
673,1,1.0,Female,White
674,0,0.0,Female,Black
675,1,1.0,Female,White
676,1,1.0,Male,White
677,1,1.0,Male,White
678,0,0.0,Male,Black
679,0,0.0,Male,White
680,0,0.0,Male,White
681,0,0.0,Male,Black
682,1,1.0,Female,White
683,1,1.0,Male,White
684,0,0.0,Male,White
685,0,0.0,Male,White
686,0,0.0,Male,White
687,0,0.0,Male,White
688,0,0.0,Female,White
689,0,0.0,Female,White
690,1,0.0,Male,Black
691,0,0.0,Male,Black
692,1,1.0,Male,White
693,1,1.0,Female,Black
694,1,1.0,Female,White
695,0,0.0,Male,White
696,0,0.0,Male,White
697,1,1.0,Male,White
698,1,1.0,Male,White
699,1,1.0,Male,Black
700,0,0.0,Male,Black
701,1,1.0,Male,White
702,0,0.0,Male,White
703,1,1.0,Male,White
704,1,1.0,Male,White
705,0,0.0,Male,White
706,1,1.0,Female,White
707,0,0.0,Male,White
708,0,0.0,Female,Black
709,0,0.0,Male,Black
710,0,0.0,Female,White
711,0,0.0,Male,White
712,0,0.0,Female,White
713,1,0.0,Male,White
714,1,0.0,Male,White
715,0,0.0,Female,White
716,0,0.0,Female,Black
717,1,1.0,Female,White
718,0,0.0,Female,Black
719,0,0.0,Female,White
720,1,1.0,Male,White
721,0,0.0,Male,White
722,0,0.0,Male,White
723,1,1.0,Female,Black
724,0,1.0,Female,White
725,1,1.0,Male,White
726,0,0.0,Male,Black
727,0,0.0,Female,White
728,0,0.0,Female,White
729,0,0.0,Female,Black
730,0,0.0,Male,White
731,1,1.0,Female,White
732,0,0.0,Female,White
733,1,1.0,Male,White
734,1,1.0,Female,White
735,1,1.0,Female,White
736,1,1.0,Female,White
737,0,0.0,Female,White
738,0,0.0,Male,White
739,1,1.0,Female,White
740,0,0.0,Female,White
741,1,1.0,Male,White
742,1,1.0,Male,White
743,0,0.0,Male,White
744,1,1.0,Female,White
745,1,1.0,Male,White
746,1,1.0,Female,White
747,1,1.0,Female,White
748,1,1.0,Male,White
749,1,1.0,Male,White
750,0,0.0,Male,White
751,1,1.0,Male,White
752,0,0.0,Female,Black
753,0,0.0,Male,White
754,1,1.0,Male,White
755,1,1.0,Female,White
756,1,1.0,Female,White
757,1,1.0,Male,White
758,0,0.0,Female,White
759,1,0.0,Male,Black
760,1,1.0,Female,White
761,0,0.0,Female,White
762,0,0.0,Female,Black
763,1,1.0,Female,White
764,1,1.0,Male,White
765,0,0.0,Female,White
766,0,0.0,Male,White
767,1,1.0,Male,White
768,1,1.0,Male,White
769,1,0.0,Female,White
770,1,0.0,Female,White
771,1,1.0,Female,White
772,0,0.0,Male,White
773,0,0.0,Male,White
774,1,0.0,Female,Black
775,0,0.0,Female,White
776,0,0.0,Female,White
777,1,1.0,Male,White
778,0,0.0,Female,White
779,0,0.0,Male,White
780,0,0.0,Male,White
781,0,0.0,Female,White
782,1,1.0,Male,White
783,0,0.0,Female,White
784,0,0.0,Male,White
785,0,0.0,Female,White
786,1,1.0,Male,White
787,0,0.0,Male,White
788,0,0.0,Male,White
789,1,1.0,Female,White
790,1,0.0,Male,White
791,0,0.0,Male,White
792,1,1.0,Male,White
793,0,0.0,Male,White
794,0,0.0,Male,White
795,1,1.0,Female,White
796,1,1.0,Female,White
797,0,0.0,Female,White
798,1,1.0,Male,White
799,1,1.0,Female,White
800,0,0.0,Male,White
801,0,0.0,Male,White
802,0,0.0,Male,White
803,0,0.0,Male,White
804,1,1.0,Male,White
805,0,0.0,Male,White
806,1,1.0,Male,White
807,1,0.0,Male,Black
808,1,0.0,Female,White
809,0,1.0,Male,White
810,1,1.0,Female,White
811,1,1.0,Male,White
812,1,1.0,Male,White
813,0,0.0,Female,White
814,0,0.0,Female,White
815,0,0.0,Male,White
816,1,1.0,Female,White
817,1,0.0,Male,White
818,1,1.0,Female,White
819,1,0.0,Male,White
820,0,0.0,Male,White
821,1,1.0,Female,White
822,1,1.0,Female,White
823,0,0.0,Female,White
824,0,0.0,Female,White
825,1,1.0,Male,White
826,0,0.0,Female,White
827,0,0.0,Male,White
828,1,1.0,Male,White
829,0,0.0,Male,White
830,0,0.0,Female,Black
831,1,0.0,Male,White
832,0,0.0,Male,White
833,0,0.0,Female,White
834,0,0.0,Female,Black
835,1,1.0,Female,White
836,0,0.0,Male,White
837,1,1.0,Female,White
838,0,0.0,Female,White
839,0,0.0,Female,White
840,1,1.0,Male,White
841,1,1.0,Male,White
842,0,0.0,Male,White
843,1,1.0,Female,White
844,0,0.0,Female,White
845,0,0.0,Male,White
846,0,0.0,Female,Black
847,0,0.0,Female,Black
848,0,0.0,Male,White
849,0,0.0,Male,White
850,1,1.0,Male,White
851,0,0.0,Male,White
852,1,1.0,Female,White
853,1,1.0,Male,White
854,0,0.0,Female,Black
855,1,1.0,Female,White
856,1,0.0,Male,White
857,0,1.0,Male,White
858,0,0.0,Female,Black
859,1,1.0,Male,White
860,0,0.0,Male,White
861,1,1.0,Female,White
862,1,1.0,Male,White
863,1,1.0,Male,White
864,1,1.0,Male,White
865,0,0.0,Male,White
866,0,0.0,Male,White
867,1,1.0,Female,White
868,0,0.0,Male,White
869,0,0.0,Male,White
870,0,0.0,Female,White
871,1,1.0,Male,White
872,1,0.0,Male,White
873,1,1.0,Male,White
874,1,1.0,Female,White
875,0,0.0,Male,White
876,0,0.0,Female,White
877,1,0.0,Male,White
878,1,1.0,Female,White
879,0,0.0,Male,White
880,1,1.0,Female,White
881,0,0.0,Male,White
882,1,1.0,Male,White
883,0,0.0,Male,White
884,0,0.0,Female,Black
885,0,0.0,Male,White
886,1,1.0,Female,White
887,1,1.0,Female,White
888,1,1.0,Female,White
889,0,0.0,Female,Black
890,1,1.0,Male,White
891,0,0.0,Female,White
892,0,0.0,Female,White
893,0,0.0,Female,White
894,0,0.0,Female,White
895,1,1.0,Female,White
896,1,1.0,Female,White
897,0,0.0,Male,White
898,1,0.0,Female,White
899,0,0.0,Female,White
900,0,1.0,Male,White
901,1,0.0,Female,White
902,0,0.0,Male,White
903,1,1.0,Female,White
904,1,1.0,Female,White
905,1,1.0,Male,White
906,0,0.0,Female,White
907,0,0.0,Male,White
908,1,1.0,Male,White
909,0,0.0,Male,White
910,0,0.0,Male,White
911,1,1.0,Female,White
912,0,0.0,Female,White
913,1,1.0,Female,White
914,0,0.0,Male,White
915,1,1.0,Male,White
916,1,1.0,Male,White
917,0,0.0,Female,White
918,1,1.0,Female,White
919,1,1.0,Female,White
920,1,1.0,Female,White
921,0,0.0,Male,White
922,1,1.0,Male,White
923,1,1.0,Female,White
924,0,0.0,Male,White
925,0,0.0,Male,Black
926,0,0.0,Female,White
927,1,0.0,Male,Black
928,1,1.0,Male,White
929,0,0.0,Female,White
930,0,0.0,Male,White
931,0,0.0,Male,White
932,0,0.0,Male,White
933,0,0.0,Female,White
934,1,1.0,Female,White
935,1,1.0,Female,White
936,0,0.0,Male,White
937,0,0.0,Female,White
938,1,1.0,Male,Black
939,0,0.0,Male,White
940,0,0.0,Female,Black
941,1,1.0,Male,White
942,0,0.0,Female,White
943,1,1.0,Female,White
944,0,0.0,Male,White
945,1,1.0,Female,White
946,1,1.0,Female,White
947,1,1.0,Female,White
948,1,1.0,Female,White
949,1,1.0,Male,Black
950,1,1.0,Female,White
951,0,0.0,Female,White
952,0,0.0,Male,White
953,1,1.0,Male,White
954,1,1.0,Male,White
955,0,0.0,Female,White
956,1,1.0,Male,White
957,0,0.0,Female,Black
958,1,1.0,Female,Black
959,1,1.0,Female,White
960,0,0.0,Female,Black
961,1,1.0,Female,White
962,1,1.0,Female,White
963,0,0.0,Female,White
964,0,0.0,Male,White
965,1,0.0,Female,White
966,1,1.0,Male,White
967,0,0.0,Male,White
968,0,0.0,Male,White
969,1,1.0,Female,White
970,0,0.0,Male,White
971,0,0.0,Male,White
972,1,0.0,Male,White
973,0,0.0,Female,White
974,1,1.0,Female,White
975,1,1.0,Male,White
976,0,0.0,Male,White
977,0,0.0,Male,White
978,0,0.0,Female,White
979,0,1.0,Female,White
980,0,0.0,Male,White
981,1,1.0,Female,White
982,1,1.0,Female,Black
983,1,1.0,Female,White
984,0,0.0,Male,White
985,0,0.0,Male,White
986,1,1.0,Male,White
987,1,1.0,Female,White
988,0,0.0,Male,Black
989,1,0.0,Male,White
990,1,1.0,Female,Black
991,1,1.0,Female,White
992,1,1.0,Female,Black
993,0,0.0,Male,White
994,1,1.0,Female,White
995,0,0.0,Male,White
996,1,1.0,Male,White
997,0,0.0,Male,White
998,1,1.0,Male,White
999,0,0.0,Male,White
1000,1,0.0,Male,White
1001,1,1.0,Male,White
1002,1,1.0,Male,White
1003,0,0.0,Male,White
1004,1,1.0,Female,White
1005,0,0.0,Female,White
1006,0,0.0,Male,White
1007,0,0.0,Male,White
1008,1,1.0,Female,White
1009,0,0.0,Male,White
1010,1,1.0,Female,Black
1011,0,0.0,Male,Black
1012,1,1.0,Female,White
1013,1,0.0,Male,White
1014,1,1.0,Female,White
1015,0,0.0,Female,White
1016,1,1.0,Female,White
1017,1,1.0,Female,White
1018,1,1.0,Female,White
1019,1,1.0,Male,White
1020,1,1.0,Female,Black
1021,1,1.0,Male,White
1022,1,1.0,Female,White
1023,1,1.0,Female,White
1024,0,0.0,Male,White
1025,1,1.0,Female,White
1026,0,0.0,Male,White
1027,0,0.0,Male,White
1028,1,0.0,Male,White
1029,0,0.0,Male,White
1030,0,0.0,Male,White
1031,0,0.0,Female,White
1032,0,0.0,Female,White
1033,0,0.0,Male,White
1034,0,0.0,Female,White
1035,1,1.0,Female,White
1036,1,1.0,Female,White
1037,0,0.0,Female,Black
1038,1,1.0,Male,White
1039,1,1.0,Female,Black
1040,1,0.0,Female,White
1041,0,0.0,Male,White
1042,0,0.0,Male,White
1043,1,1.0,Male,White
1044,0,0.0,Male,White
1045,1,1.0,Female,White
1046,0,0.0,Male,White
1047,0,0.0,Male,White
1048,1,1.0,Female,White
1049,1,1.0,Male,White
1050,1,1.0,Male,Black
1051,0,0.0,Male,White
1052,0,0.0,Female,White
1053,0,0.0,Male,Black
1054,1,1.0,Female,White
1055,0,0.0,Male,White
1056,1,1.0,Male,White
1057,1,1.0,Male,White
1058,0,0.0,Male,White
1059,0,0.0,Female,White
1060,1,1.0,Male,White
1061,1,0.0,Male,White
1062,1,1.0,Male,White
1063,0,0.0,Female,White
1064,0,0.0,Female,White
1065,1,1.0,Female,Black
1066,0,0.0,Female,White
1067,1,1.0,Female,White
1068,0,0.0,Male,White
1069,0,0.0,Female,White
1070,0,0.0,Male,White
1071,0,0.0,Male,White
1072,0,0.0,Female,White
1073,1,1.0,Female,White
1074,0,0.0,Male,White
1075,0,0.0,Male,White
1076,0,0.0,Male,White
1077,1,1.0,Male,Black
1078,0,0.0,Male,White
1079,0,0.0,Female,White
1080,0,0.0,Male,White
1081,1,1.0,Female,White
1082,1,1.0,Male,White
1083,0,0.0,Female,Black
1084,1,0.0,Male,White
1085,1,1.0,Female,White
1086,0,0.0,Male,White
1087,0,0.0,Female,White
1088,0,0.0,Male,White
1089,1,1.0,Female,White
1090,1,1.0,Female,White
1091,0,0.0,Male,Black
1092,1,1.0,Female,White
1093,0,1.0,Male,White
1094,0,0.0,Female,White
1095,0,0.0,Female,White
1096,0,0.0,Female,White
1097,1,1.0,Male,White
1098,1,1.0,Male,White
1099,1,1.0,Female,White
1100,0,0.0,Female,White
1101,1,1.0,Female,White
1102,1,1.0,Male,White
1103,0,0.0,Female,White
1104,0,0.0,Female,White
1105,1,0.0,Male,White
1106,0,0.0,Male,White
1107,0,0.0,Female,White
1108,1,1.0,Male,Black
1109,0,0.0,Male,White
1110,0,0.0,Male,White
1111,0,0.0,Female,White
1112,0,0.0,Male,White
1113,1,1.0,Female,White
1114,1,1.0,Female,White
1115,1,1.0,Female,White
1116,1,1.0,Male,White
1117,1,1.0,Female,Black
1118,1,1.0,Female,White
1119,1,0.0,Male,Black
1120,1,1.0,Male,Black
1121,1,1.0,Female,White
1122,1,1.0,Female,White
1123,0,0.0,Male,White
1124,1,1.0,Male,White
1125,0,0.0,Female,White
1126,0,0.0,Male,White
1127,1,1.0,Male,White
1128,1,1.0,Female,White
1129,0,1.0,Male,Black
1130,1,1.0,Female,White
1131,0,0.0,Female,Black
1132,0,1.0,Female,Black
1133,1,0.0,Female,Black
1134,0,0.0,Male,Black
1135,1,1.0,Male,White
1136,0,0.0,Female,White
1137,0,0.0,Male,White
1138,0,0.0,Female,White
1139,1,1.0,Female,White
1140,0,0.0,Female,White
1141,0,0.0,Male,White
1142,1,1.0,Female,White
1143,1,1.0,Female,Black
1144,0,0.0,Male,White
1145,0,0.0,Female,White
1146,1,1.0,Female,White
1147,1,1.0,Male,White
1148,0,0.0,Female,White
1149,0,0.0,Male,Black
1150,0,0.0,Male,White
1151,0,0.0,Female,White
1152,1,1.0,Male,White
1153,0,0.0,Female,Black
1154,1,1.0,Female,White
1155,1,1.0,Male,White
1156,1,0.0,Male,White
1157,1,1.0,Male,White
1158,0,0.0,Male,White
1159,1,1.0,Male,White
1160,1,1.0,Male,White
1161,1,1.0,Female,Black
1162,1,1.0,Female,White
1163,1,0.0,Female,White
1164,1,1.0,Female,White
1165,1,1.0,Male,White
1166,1,1.0,Female,White
1167,0,0.0,Male,White
1168,1,1.0,Male,White
1169,0,0.0,Female,White
1170,1,1.0,Male,White
1171,0,0.0,Male,White
1172,1,1.0,Female,White
1173,0,0.0,Male,White
1174,1,1.0,Male,White
1175,1,1.0,Female,White
1176,0,0.0,Male,White
1177,0,0.0,Male,Black
1178,1,1.0,Male,White
1179,0,0.0,Male,White
1180,1,1.0,Female,White
1181,0,0.0,Female,White
1182,0,0.0,Male,White
1183,1,1.0,Male,White
1184,0,0.0,Female,White
1185,1,1.0,Female,White
1186,0,0.0,Male,White
1187,1,1.0,Female,White
1188,1,1.0,Male,Black
1189,0,0.0,Female,White
1190,1,1.0,Female,White
1191,1,0.0,Male,White
1192,1,1.0,Female,White
1193,1,1.0,Male,White
1194,1,1.0,Female,White
1195,0,0.0,Male,White
1196,0,0.0,Male,White
1197,1,1.0,Female,White
1198,0,0.0,Female,White
1199,1,1.0,Female,White
1200,0,0.0,Female,White
1201,1,1.0,Female,White
1202,0,0.0,Male,Black
1203,1,1.0,Male,White
1204,0,0.0,Male,White
1205,0,0.0,Male,White
1206,0,0.0,Female,White
1207,1,1.0,Female,White
1208,1,1.0,Male,White
1209,0,0.0,Female,White
1210,0,0.0,Female,White
1211,1,1.0,Female,White
1212,1,1.0,Male,White
1213,0,0.0,Male,White
1214,1,1.0,Female,White
1215,0,0.0,Male,White
1216,0,0.0,Female,White
1217,0,0.0,Male,White
1218,0,0.0,Male,White
1219,0,0.0,Male,White
1220,0,0.0,Female,White
1221,0,0.0,Male,Black
1222,0,0.0,Female,White
1223,1,1.0,Female,White
1224,1,1.0,Female,White
1225,0,0.0,Male,White
1226,0,0.0,Male,White
1227,0,0.0,Male,White
1228,0,0.0,Male,White
1229,0,0.0,Female,White
1230,0,0.0,Female,White
1231,0,0.0,Female,White
1232,0,0.0,Female,White
1233,1,1.0,Female,White
1234,1,1.0,Female,White
1235,1,0.0,Male,White
1236,1,1.0,Male,White
1237,0,0.0,Male,White
1238,0,0.0,Male,White
1239,1,1.0,Female,White
1240,1,1.0,Female,White
1241,0,0.0,Female,White
1242,0,0.0,Male,White
1243,0,0.0,Male,White
1244,1,1.0,Female,White
1245,1,1.0,Female,White
1246,1,1.0,Female,White
1247,1,0.0,Female,White
1248,1,1.0,Female,White
1249,0,0.0,Male,White
1250,1,1.0,Male,White
1251,1,1.0,Female,White
1252,0,0.0,Female,White
1253,1,1.0,Male,White
1254,1,1.0,Female,White
1255,0,0.0,Male,Black
1256,0,0.0,Male,White
1257,0,0.0,Female,White
1258,0,0.0,Male,White
1259,0,0.0,Female,White
1260,1,1.0,Female,White
1261,0,0.0,Male,White
1262,1,1.0,Female,White
1263,1,1.0,Female,White
1264,1,1.0,Male,White
1265,0,0.0,Female,White
1266,0,0.0,Male,White
1267,1,1.0,Female,White
1268,0,0.0,Male,White
1269,0,0.0,Female,White
1270,1,1.0,Female,White
1271,0,0.0,Male,White
1272,1,1.0,Male,White
1273,1,1.0,Female,White
1274,0,0.0,Male,White
1275,1,1.0,Female,White
1276,1,1.0,Male,White
1277,0,0.0,Female,White
1278,0,0.0,Male,White
1279,0,0.0,Male,White
1280,0,0.0,Male,White
1281,0,0.0,Male,White
1282,1,1.0,Female,White
1283,1,1.0,Male,White
1284,1,1.0,Female,White
1285,0,0.0,Female,White
1286,0,0.0,Male,White
1287,1,1.0,Female,White
1288,0,0.0,Female,White
1289,0,0.0,Male,White
1290,0,0.0,Female,White
1291,0,0.0,Female,White
1292,1,1.0,Male,White
1293,0,0.0,Male,White
1294,0,0.0,Male,White
1295,0,0.0,Female,White
1296,1,1.0,Female,White
1297,0,0.0,Female,White
1298,1,1.0,Male,Black
1299,0,0.0,Female,White
1300,0,0.0,Male,White
1301,1,1.0,Female,White
1302,0,0.0,Female,Black
1303,0,0.0,Female,White
1304,1,1.0,Male,White
1305,0,0.0,Female,White
1306,1,0.0,Female,White
1307,0,0.0,Male,White
1308,1,1.0,Male,White
1309,0,0.0,Female,White
1310,0,0.0,Female,White
1311,0,0.0,Male,White
1312,1,1.0,Female,White
1313,1,0.0,Male,White
1314,0,0.0,Male,White
1315,1,1.0,Female,White
1316,0,0.0,Male,White
1317,0,0.0,Male,White
1318,1,1.0,Female,White
1319,0,0.0,Male,White
1320,1,1.0,Male,White
1321,0,0.0,Male,White
1322,1,1.0,Male,White
1323,1,1.0,Male,White
1324,0,0.0,Female,White
1325,1,1.0,Female,White
1326,1,1.0,Male,White
1327,0,0.0,Female,White
1328,0,0.0,Female,White
1329,1,1.0,Male,White
1330,0,0.0,Female,White
1331,1,1.0,Male,White
1332,1,1.0,Male,White
1333,0,0.0,Female,White
1334,1,1.0,Male,White
1335,1,1.0,Female,White
1336,1,1.0,Female,White
1337,1,1.0,Female,White
1338,1,1.0,Male,White
1339,0,0.0,Female,White
1340,0,0.0,Male,White
1341,1,1.0,Female,White
1342,0,0.0,Male,White
1343,1,1.0,Male,White
1344,1,1.0,Female,White
1345,0,0.0,Female,White
1346,1,1.0,Male,White
1347,1,1.0,Female,White
1348,0,0.0,Female,White
1349,0,0.0,Male,White
1350,1,1.0,Female,White
1351,0,0.0,Female,White
1352,0,0.0,Male,White
1353,1,1.0,Female,White
1354,1,1.0,Male,White
1355,1,1.0,Female,White
1356,0,0.0,Female,White
1357,1,1.0,Female,White
1358,0,0.0,Female,White
1359,1,1.0,Female,Black
1360,1,0.0,Male,Black
1361,0,0.0,Female,White
1362,1,1.0,Female,White
1363,0,0.0,Male,White
1364,0,0.0,Female,White
1365,0,0.0,Female,Black
1366,1,1.0,Female,White
1367,0,0.0,Male,White
1368,1,0.0,Male,White
1369,1,1.0,Male,Black
1370,0,0.0,Female,Black
1371,1,1.0,Female,Black
1372,0,0.0,Female,White
1373,1,1.0,Male,Black
1374,1,1.0,Female,White
1375,0,0.0,Male,White
1376,0,0.0,Female,White
1377,0,0.0,Male,White
1378,1,0.0,Male,White
1379,1,1.0,Male,White
1380,0,0.0,Female,White
1381,1,1.0,Male,White
1382,0,0.0,Female,White
1383,0,0.0,Male,White
1384,1,0.0,Female,Black
1385,1,1.0,Female,White
1386,0,0.0,Female,White
1387,1,1.0,Female,White
1388,0,0.0,Female,White
1389,0,0.0,Female,White
1390,1,1.0,Male,White
1391,0,0.0,Male,White
1392,1,1.0,Male,White
1393,1,1.0,Male,White
1394,1,1.0,Male,White
1395,1,1.0,Male,White
1396,1,1.0,Male,White
1397,0,0.0,Male,White
1398,1,1.0,Female,White
1399,0,0.0,Female,White
1400,1,0.0,Male,White
1401,1,1.0,Female,White
1402,1,1.0,Male,White
1403,1,1.0,Male,White
1404,0,0.0,Male,White
1405,1,1.0,Female,White
1406,1,0.0,Female,White
1407,0,0.0,Female,Black
1408,1,1.0,Female,White
1409,0,0.0,Male,White
1410,1,1.0,Female,White
1411,1,1.0,Male,White
1412,0,0.0,Female,White
1413,1,1.0,Female,White
1414,0,0.0,Female,White
1415,0,0.0,Male,White
1416,1,1.0,Female,White
1417,0,0.0,Male,White
1418,1,1.0,Male,White
1419,1,1.0,Female,White
1420,0,0.0,Female,White
1421,1,1.0,Male,White
1422,0,0.0,Female,Black
1423,1,1.0,Male,White
1424,0,0.0,Male,Black
1425,1,1.0,Female,White
1426,0,0.0,Male,White
1427,0,0.0,Male,White
1428,1,1.0,Female,White
1429,0,0.0,Male,Black
1430,0,0.0,Female,White
1431,1,1.0,Male,White
1432,1,1.0,Female,White
1433,1,1.0,Male,White
1434,0,0.0,Male,White
1435,1,1.0,Male,White
1436,0,0.0,Female,White
1437,0,0.0,Male,White
1438,1,1.0,Male,White
1439,0,0.0,Male,Black
1440,1,0.0,Female,White
1441,1,1.0,Male,White
1442,0,0.0,Male,Black
1443,1,1.0,Female,White
1444,0,0.0,Female,Black
1445,0,0.0,Female,White
1446,1,1.0,Male,White
1447,1,1.0,Male,White
1448,0,0.0,Female,White
1449,1,1.0,Male,White
1450,0,0.0,Male,White
1451,1,1.0,Male,White
1452,0,0.0,Female,White
1453,1,1.0,Female,White
1454,1,1.0,Male,White
1455,0,0.0,Male,White
1456,1,1.0,Female,White
1457,0,0.0,Male,White
1458,1,0.0,Female,White
1459,0,0.0,Female,Black
1460,1,1.0,Male,White
1461,1,1.0,Male,White
1462,0,0.0,Male,White
1463,0,0.0,Male,White
1464,1,1.0,Male,White
1465,0,0.0,Female,White
1466,1,1.0,Male,White
1467,0,0.0,Male,White
1468,1,1.0,Female,White
1469,0,0.0,Female,White
1470,0,0.0,Male,White
1471,0,0.0,Female,Black
1472,1,1.0,Female,White
1473,1,1.0,Female,White
1474,1,1.0,Female,White
1475,1,1.0,Male,White
1476,1,1.0,Female,Black
1477,0,0.0,Male,White
1478,1,1.0,Male,White
1479,0,0.0,Male,White
1480,1,1.0,Male,White
1481,1,1.0,Female,White
1482,1,1.0,Male,White
1483,1,1.0,Female,White
1484,0,0.0,Male,Black
1485,0,0.0,Female,White
1486,0,0.0,Male,White
1487,1,1.0,Female,White
1488,1,1.0,Male,White
1489,0,0.0,Male,White
1490,0,0.0,Male,White
1491,1,1.0,Male,White
1492,0,0.0,Male,White
1493,0,0.0,Female,Black
1494,1,1.0,Female,Black
1495,0,0.0,Female,White
1496,1,1.0,Male,Black
1497,1,1.0,Male,White
1498,1,1.0,Male,White
1499,0,0.0,Female,White
1500,0,0.0,Female,White
1501,0,0.0,Male,Black
1502,0,0.0,Male,White
1503,1,1.0,Female,White
1504,0,1.0,Female,White
1505,0,0.0,Female,White
1506,1,1.0,Female,White
1507,0,0.0,Male,White
1508,1,1.0,Female,White
1509,0,0.0,Female,White
1510,0,0.0,Female,White
1511,1,0.0,Female,White
1512,1,1.0,Female,White
1513,1,1.0,Female,White
1514,1,1.0,Male,White
1515,1,1.0,Female,White
1516,1,1.0,Male,White
1517,0,0.0,Male,Black
1518,0,0.0,Male,Black
1519,1,1.0,Male,White
1520,1,0.0,Female,White
1521,1,1.0,Female,White
1522,1,1.0,Female,White
1523,0,0.0,Female,White
1524,0,0.0,Male,White
1525,0,0.0,Male,White
1526,0,0.0,Male,White
1527,0,0.0,Male,White
1528,1,1.0,Female,White
1529,0,0.0,Female,White
1530,1,1.0,Female,White
1531,1,1.0,Male,White
1532,1,0.0,Male,White
1533,1,0.0,Male,White
1534,0,0.0,Female,Black
1535,0,0.0,Female,White
1536,0,0.0,Female,Black
1537,0,0.0,Male,White
1538,0,0.0,Female,White
1539,0,0.0,Male,White
1540,0,0.0,Female,Black
1541,1,1.0,Male,White
1542,0,0.0,Male,White
1543,0,0.0,Male,White
1544,1,0.0,Female,White
1545,0,0.0,Female,White
1546,0,0.0,Male,White
1547,0,0.0,Female,White
1548,0,0.0,Male,White
1549,0,0.0,Male,White
1550,1,1.0,Male,White
1551,1,1.0,Male,White
1552,1,1.0,Female,White
1553,1,1.0,Female,White
1554,0,0.0,Female,Black
1555,1,1.0,Female,White
1556,0,0.0,Female,White
1557,1,1.0,Male,White
1558,0,0.0,Female,Black
1559,1,1.0,Male,White
1560,0,0.0,Male,White
1561,0,0.0,Male,White
1562,0,0.0,Male,White
1563,0,0.0,Female,White
1564,0,0.0,Male,Black
1565,0,0.0,Female,White
1566,1,1.0,Female,White
1567,0,0.0,Female,White
1568,0,0.0,Male,White
1569,0,0.0,Male,White
1570,0,0.0,Male,Black
1571,1,1.0,Female,White
1572,0,0.0,Female,White
1573,0,0.0,Male,White
1574,1,1.0,Female,White
1575,1,1.0,Female,White
1576,0,0.0,Male,White
1577,0,0.0,Male,White
1578,1,1.0,Male,White
1579,1,0.0,Male,White
1580,0,0.0,Male,Black
1581,1,1.0,Male,White
1582,0,0.0,Male,White
1583,0,0.0,Male,Black
1584,1,1.0,Male,White
1585,1,0.0,Male,White
1586,0,0.0,Female,White
1587,0,0.0,Male,White
1588,1,1.0,Male,White
1589,0,0.0,Male,White
1590,0,0.0,Male,White
1591,0,0.0,Male,White
1592,1,1.0,Female,White
1593,1,1.0,Female,White
1594,1,1.0,Female,White
1595,1,1.0,Female,White
1596,0,0.0,Male,White
1597,0,0.0,Male,White
1598,1,1.0,Female,White
1599,0,0.0,Female,White
1600,1,1.0,Female,White
1601,0,0.0,Female,White
1602,1,0.0,Male,Black
1603,1,1.0,Male,White
1604,0,0.0,Female,White
1605,0,0.0,Male,White
1606,1,1.0,Female,White
1607,1,1.0,Male,White
1608,0,0.0,Male,White
1609,0,0.0,Male,White
1610,1,1.0,Male,White
1611,0,0.0,Female,White
1612,0,0.0,Male,White
1613,0,0.0,Female,White
1614,0,0.0,Male,White
1615,1,1.0,Female,White
1616,0,0.0,Female,White
1617,0,0.0,Male,White
1618,1,1.0,Female,White
1619,0,0.0,Male,White
1620,1,1.0,Male,White
1621,0,0.0,Male,White
1622,0,0.0,Male,White
1623,1,1.0,Female,White
1624,1,1.0,Female,White
1625,0,0.0,Female,White
1626,0,0.0,Female,White
1627,0,0.0,Female,White
1628,1,1.0,Female,White
1629,0,0.0,Male,White
1630,1,1.0,Female,White
1631,0,0.0,Male,White
1632,0,0.0,Female,White
1633,1,1.0,Female,White
1634,0,0.0,Female,White
1635,1,1.0,Male,White
1636,0,0.0,Female,Black
1637,0,0.0,Male,White
1638,0,0.0,Male,White
1639,1,1.0,Female,White
1640,0,1.0,Male,White
1641,0,0.0,Male,White
1642,0,0.0,Male,White
1643,0,0.0,Female,Black
1644,1,1.0,Male,Black
1645,1,1.0,Male,White
1646,0,0.0,Female,White
1647,1,1.0,Male,White
1648,1,1.0,Female,White
1649,0,1.0,Female,White
1650,0,0.0,Female,White
1651,1,1.0,Female,White
1652,0,0.0,Male,Black
1653,0,0.0,Male,White
1654,0,0.0,Female,White
1655,0,0.0,Female,White
1656,0,0.0,Female,White
1657,1,1.0,Male,White
1658,0,0.0,Male,White
1659,0,0.0,Male,White
1660,1,1.0,Male,White
1661,0,0.0,Female,White
1662,0,0.0,Female,Black
1663,1,1.0,Male,White
1664,1,1.0,Female,Black
1665,1,1.0,Male,White
1666,0,0.0,Female,Black
1667,1,0.0,Female,White
1668,0,0.0,Male,White
1669,1,0.0,Male,White
1670,1,1.0,Female,White
1671,0,0.0,Female,White
1672,1,0.0,Female,Black
1673,1,1.0,Male,Black
1674,0,0.0,Male,White
1675,0,0.0,Male,White
1676,1,1.0,Male,White
1677,0,0.0,Male,White
1678,1,1.0,Male,White
1679,0,0.0,Male,White
1680,0,0.0,Female,White
1681,0,0.0,Male,White
1682,1,1.0,Female,White
1683,0,0.0,Male,White
1684,1,0.0,Female,White
1685,0,0.0,Male,White
1686,0,0.0,Female,White
1687,1,1.0,Female,White
1688,1,1.0,Male,White
1689,0,0.0,Female,White
1690,0,0.0,Female,White
1691,1,1.0,Male,White
1692,0,0.0,Male,White
1693,0,0.0,Male,White
1694,0,0.0,Male,White
1695,1,1.0,Female,White
1696,1,1.0,Female,White
1697,1,1.0,Female,White
1698,0,0.0,Female,White
1699,1,1.0,Female,White
1700,1,1.0,Female,White
1701,1,1.0,Female,Black
1702,1,1.0,Male,White
1703,1,1.0,Male,White
1704,1,0.0,Female,White
1705,0,0.0,Female,White
1706,1,1.0,Male,White
1707,0,0.0,Male,White
1708,0,0.0,Female,White
1709,1,1.0,Male,Black
1710,0,0.0,Female,White
1711,1,1.0,Female,White
1712,1,1.0,Female,Black
1713,1,1.0,Female,White
1714,1,0.0,Male,Black
1715,0,0.0,Male,White
1716,1,1.0,Male,White
1717,0,0.0,Male,White
1718,1,1.0,Female,White
1719,1,0.0,Male,White
1720,0,0.0,Male,Black
1721,1,1.0,Male,White
1722,0,0.0,Male,White
1723,0,0.0,Female,White
1724,0,0.0,Male,White
1725,0,0.0,Female,White
1726,0,0.0,Male,White
1727,1,1.0,Female,White
1728,1,1.0,Male,White
1729,0,0.0,Male,White
1730,1,1.0,Male,Black
1731,0,0.0,Male,White
1732,1,1.0,Male,White
1733,0,0.0,Female,White
1734,0,0.0,Female,White
1735,0,0.0,Male,White
1736,1,1.0,Female,White
1737,1,1.0,Female,White
1738,0,0.0,Male,Black
1739,1,1.0,Female,White
1740,1,1.0,Female,White
1741,1,1.0,Male,White
1742,0,0.0,Male,White
1743,0,0.0,Female,White
1744,1,1.0,Female,White
1745,1,0.0,Male,Black
1746,0,0.0,Male,White
1747,1,1.0,Male,White
1748,0,0.0,Male,White
1749,1,0.0,Male,White
1750,1,1.0,Male,White
1751,1,1.0,Male,White
1752,1,0.0,Male,White
1753,0,0.0,Male,White
1754,1,1.0,Male,White
1755,1,1.0,Female,White
1756,1,1.0,Female,White
1757,1,1.0,Female,White
1758,0,0.0,Female,White
1759,1,1.0,Female,White
1760,1,1.0,Female,White
1761,1,1.0,Female,Black
1762,1,1.0,Female,White
1763,1,1.0,Female,White
1764,0,0.0,Female,White
1765,0,0.0,Female,White
1766,1,1.0,Male,White
1767,0,0.0,Female,White
1768,1,1.0,Female,White
1769,0,0.0,Female,White
1770,0,0.0,Female,Black
1771,0,0.0,Male,White
1772,1,1.0,Female,White
1773,0,0.0,Male,White
1774,1,1.0,Male,White
1775,1,1.0,Female,White
1776,0,0.0,Male,White
1777,1,1.0,Female,White
1778,1,1.0,Male,White
1779,0,0.0,Female,White
1780,0,0.0,Female,Black
1781,1,1.0,Male,White
1782,0,0.0,Male,White
1783,1,1.0,Male,White
1784,1,1.0,Female,White
1785,0,0.0,Female,White
1786,0,0.0,Male,White
1787,0,0.0,Male,White
1788,1,1.0,Male,White
1789,1,1.0,Female,Black
1790,0,0.0,Female,Black
1791,0,0.0,Male,White
1792,1,0.0,Male,White
1793,0,0.0,Male,White
1794,1,1.0,Female,White
1795,0,0.0,Male,White
1796,1,1.0,Female,White
1797,1,0.0,Female,White
1798,1,1.0,Female,White
1799,0,0.0,Male,White
1800,1,1.0,Female,White
1801,0,0.0,Female,White
1802,0,0.0,Female,White
1803,1,1.0,Female,White
1804,0,0.0,Female,Black
1805,1,1.0,Female,White
1806,0,0.0,Female,White
1807,0,0.0,Female,White
1808,0,0.0,Female,Black
1809,1,1.0,Female,White
1810,0,0.0,Female,White
1811,0,0.0,Female,White
1812,0,0.0,Male,White
1813,0,0.0,Male,White
1814,0,0.0,Male,Black
1815,0,0.0,Female,White
1816,1,1.0,Female,White
1817,0,0.0,Female,White
1818,0,0.0,Female,White
1819,1,1.0,Female,White
1820,0,0.0,Female,White
1821,1,1.0,Female,White
1822,1,1.0,Female,White
1823,0,0.0,Male,White
1824,1,1.0,Male,White
1825,1,1.0,Female,White
1826,0,0.0,Male,White
1827,1,1.0,Male,White
1828,0,0.0,Male,Black
1829,1,1.0,Female,Black
1830,0,0.0,Female,White
1831,0,0.0,Male,Black
1832,1,1.0,Male,White
1833,1,1.0,Female,White
1834,0,0.0,Male,White
1835,0,0.0,Male,White
1836,0,0.0,Female,White
1837,1,0.0,Male,White
1838,1,0.0,Male,White
1839,0,0.0,Male,White
1840,1,1.0,Female,White
1841,1,1.0,Female,Black
1842,0,0.0,Male,Black
1843,1,1.0,Female,White
1844,0,0.0,Male,White
1845,1,0.0,Male,White
1846,1,1.0,Male,White
1847,1,1.0,Female,White
1848,1,1.0,Male,White
1849,1,1.0,Male,White
1850,1,1.0,Male,White
1851,1,1.0,Female,White
1852,1,1.0,Male,White
1853,1,1.0,Female,White
1854,1,1.0,Male,White
1855,0,0.0,Male,White
1856,0,0.0,Male,White
1857,1,1.0,Male,White
1858,1,1.0,Female,Black
1859,0,0.0,Male,White
1860,1,1.0,Female,White
1861,0,0.0,Male,White
1862,0,0.0,Male,White
1863,0,0.0,Male,White
1864,1,1.0,Female,White
1865,1,1.0,Male,White
1866,1,1.0,Female,White
1867,0,0.0,Female,White
1868,1,1.0,Male,White
1869,0,0.0,Female,Black
1870,0,0.0,Male,White
1871,0,0.0,Male,White
1872,0,0.0,Male,White
1873,1,1.0,Female,White
1874,0,0.0,Male,White
1875,1,0.0,Male,White
1876,0,0.0,Female,White
1877,0,0.0,Male,White
1878,0,0.0,Female,White
1879,1,1.0,Male,White
1880,0,0.0,Male,White
1881,1,0.0,Male,White
1882,1,1.0,Female,White
1883,1,1.0,Male,White
1884,1,1.0,Male,White
1885,0,0.0,Male,White
1886,1,1.0,Male,White
1887,0,0.0,Male,White
1888,1,1.0,Male,White
1889,1,1.0,Female,White
1890,0,0.0,Male,White
1891,0,0.0,Male,White
1892,0,0.0,Female,Black
1893,1,1.0,Female,White
1894,1,0.0,Male,Black
1895,0,0.0,Female,Black
1896,0,0.0,Male,White
1897,0,0.0,Female,White
1898,1,1.0,Female,White
1899,1,1.0,Female,White
1900,0,0.0,Male,White
1901,1,1.0,Female,White
1902,1,0.0,Female,White
1903,1,0.0,Male,White
1904,1,1.0,Male,White
1905,0,0.0,Female,White
1906,1,1.0,Male,White
1907,0,0.0,Male,White
1908,1,1.0,Female,White
1909,1,1.0,Female,White
1910,0,1.0,Male,White
1911,1,0.0,Male,White
1912,1,1.0,Female,White
1913,1,1.0,Female,White
1914,1,1.0,Female,White
1915,0,0.0,Female,White
1916,1,1.0,Female,White
1917,0,0.0,Female,White
1918,0,0.0,Male,White
1919,0,0.0,Male,Black
1920,0,0.0,Female,White
1921,1,1.0,Female,White
1922,0,0.0,Female,Black
1923,0,0.0,Male,White
1924,0,0.0,Male,White
1925,1,1.0,Female,White
1926,0,0.0,Female,White
1927,0,0.0,Female,White
1928,1,1.0,Male,White
1929,1,1.0,Female,White
1930,1,0.0,Male,Black
1931,0,0.0,Male,White
1932,1,0.0,Male,Black
1933,0,0.0,Female,White
1934,1,1.0,Male,White
1935,0,0.0,Male,White
1936,0,0.0,Female,White
1937,1,1.0,Female,White
1938,0,0.0,Female,White
1939,1,1.0,Female,White
1940,0,0.0,Female,White
1941,0,0.0,Male,White
1942,0,0.0,Male,White
1943,0,0.0,Female,White
1944,1,1.0,Male,White
1945,1,1.0,Male,White
1946,1,1.0,Female,White
1947,1,1.0,Male,White
1948,0,0.0,Male,White
1949,0,0.0,Male,White
1950,1,0.0,Female,White
1951,0,0.0,Male,Black
1952,1,1.0,Female,White
1953,1,1.0,Male,White
1954,1,1.0,Male,White
1955,0,0.0,Male,White
1956,1,1.0,Female,White
1957,1,1.0,Female,White
1958,0,0.0,Female,White
1959,1,1.0,Male,White
1960,1,1.0,Male,White
1961,1,1.0,Female,White
1962,0,0.0,Female,White
1963,1,0.0,Male,White
1964,1,1.0,Female,White
1965,1,1.0,Male,White
1966,1,1.0,Female,White
1967,0,0.0,Male,White
1968,0,0.0,Male,White
1969,1,1.0,Male,White
1970,1,1.0,Female,Black
1971,1,1.0,Female,White
1972,0,0.0,Female,White
1973,1,1.0,Male,White
1974,1,1.0,Female,White
1975,1,1.0,Male,White
1976,1,1.0,Male,White
1977,1,1.0,Female,White
1978,1,1.0,Male,White
1979,0,0.0,Male,White
1980,1,0.0,Female,White
1981,0,0.0,Male,Black
1982,0,1.0,Female,Black
1983,1,1.0,Female,White
1984,1,1.0,Male,White
1985,1,1.0,Female,White
1986,1,1.0,Female,White
1987,0,0.0,Female,White
1988,0,0.0,Male,White
1989,1,0.0,Male,White
1990,0,0.0,Female,White
1991,1,1.0,Female,Black
1992,1,0.0,Female,White
1993,0,0.0,Female,White
1994,0,0.0,Male,White
1995,1,1.0,Male,White
1996,0,0.0,Female,White
1997,0,0.0,Female,White
1998,0,0.0,Male,Black
1999,0,0.0,Male,White
2000,0,0.0,Female,White
2001,1,1.0,Female,White
2002,0,0.0,Female,White
2003,1,0.0,Male,White
2004,1,1.0,Male,White
2005,1,1.0,Female,White
2006,0,0.0,Female,White
2007,0,0.0,Male,White
2008,0,0.0,Female,White
2009,1,0.0,Male,White
2010,0,0.0,Female,White
2011,0,0.0,Female,White
2012,1,1.0,Female,White
2013,1,0.0,Male,White
2014,0,0.0,Male,White
2015,0,0.0,Male,Black
2016,0,0.0,Female,White
2017,0,0.0,Female,White
2018,1,1.0,Male,White
2019,0,0.0,Male,White
2020,1,1.0,Female,White
2021,0,0.0,Male,White
2022,0,0.0,Female,White
2023,0,0.0,Male,White
2024,1,1.0,Male,White
2025,1,1.0,Female,White
2026,0,0.0,Female,White
2027,1,1.0,Female,White
2028,0,0.0,Female,Black
2029,1,1.0,Male,White
2030,1,0.0,Male,White
2031,0,0.0,Female,White
2032,1,1.0,Male,White
2033,1,1.0,Female,White
2034,1,1.0,Female,White
2035,0,0.0,Female,White
2036,0,0.0,Male,White
2037,1,1.0,Female,White
2038,1,1.0,Female,White
2039,0,0.0,Female,White
2040,0,0.0,Male,White
2041,1,1.0,Male,White
2042,1,1.0,Male,White
2043,0,0.0,Male,White
2044,1,1.0,Female,White
2045,0,0.0,Male,Black
2046,1,1.0,Female,White
2047,0,0.0,Male,Black
2048,1,0.0,Male,White
2049,0,0.0,Female,Black
2050,1,0.0,Male,White
2051,1,1.0,Female,White
2052,1,1.0,Male,White
2053,0,0.0,Male,White
2054,1,1.0,Female,Black
2055,1,1.0,Male,Black
2056,1,0.0,Male,White
2057,1,1.0,Female,White
2058,0,0.0,Male,White
2059,0,0.0,Female,White
2060,1,1.0,Female,White
2061,0,0.0,Male,White
